userId,userEmail,userPassword,userName
bbde6211-ace0-4ef9-aae8-c4692b20ff99,Carolyne.Borer-Sporer@yahoo.com,YP6rurWpttyX6fw,Ella Larkin I
75e8739c-06be-4397-b3ef-66b132a9fd3e,Dalton.Rau@yahoo.com,3VGj1UUWyKKdhIw,Isaac Keeling
689266ed-2776-4db7-810a-d2a93d95618a,Colby_Considine72@gmail.com,Y8xgR9nFtRzB7Kr,Olive Reynolds
61c44db9-2d37-4c6d-9fb6-905551f031e9,Alvera.Considine64@yahoo.com,E2gnX3GxTooD0Ob,Wm Hodkiewicz
6b5a0ab3-1c22-475b-b8e2-9e35f80ee362,Keanu.Brekke@yahoo.com,KaQUEa5u8XS4wFm,Brooke Armstrong
bcba9689-7f19-4b8e-9c40-db64c8ac35e6,Franco65@hotmail.com,z0FJ3ujPm74bFtV,Doug Ruecker
21ec2127-bb5f-48b3-83c8-4dca3d3033ab,Elda_Mante49@hotmail.com,m3y33gttVpaS17E,Ada Wisozk II
047cc747-17fb-4e77-92a0-7d33887f9213,Howell.Littel@yahoo.com,Wuu75Zvt9LOSMqh,Maxine Rutherford
7e020afd-9fb0-4d8a-b4da-49821f8e9b08,Flavio_Harvey64@yahoo.com,tL8IIoFWehLAu0d,Sammy Adams
669e8840-1d0f-4488-ae25-e7a1fffec3d6,Caleb55@hotmail.com,I_R1HSFbOblXHA0,Elena Abshire
869d6916-7493-4d5a-b2d0-a09b77323705,Louisa21@yahoo.com,FNzNuq3jo4ehshl,Alton Brown
19ecdbb7-e1aa-4544-97c6-980bf6664ef3,Frederique.McKenzie61@hotmail.com,tOOA7zJjwQEkqiI,Eric Leannon
65c9f63e-2fe0-4c77-85e4-ec891057287f,Precious.Lind42@hotmail.com,tIwQ0ovVEliGhYY,Ms. Katie Emard
5406a8bf-47bb-48b2-bf55-ea2cfae4f2b3,Elsa.Wilderman33@yahoo.com,i8QAal2eH1dPt3V,Elsa Walsh-Tromp
9e6d7958-0254-49d7-afa5-3c7d4c034045,Lesly_Senger27@hotmail.com,cXJF7WDcoqq763x,Felix Schimmel
f3048f6e-b76a-4b87-9320-bac91357d20c,Norberto_Jacobs45@gmail.com,i_nFddnFzh2WPgK,Lisa Cormier
42dd5042-37c2-4ae2-9be3-faf783674d37,Guido.Koss62@gmail.com,iajaFhptFNa1S9J,David Larkin Sr.
c9aa231d-9751-4a33-be8e-2c92859bdf06,Amber86@hotmail.com,ppYoekpkfgWsZnt,Trevor Lindgren
5d3de30a-64c9-4994-b89d-50fbbb9d3bfc,Rosamond_Rosenbaum34@yahoo.com,9620NDMRlauF0Rg,Kari Krajcik
d6d8fa64-320e-44bd-8792-f585da01b550,Albin80@yahoo.com,akixIUChsMHsDPa,Miss Kara Crist
1469a890-cd56-4feb-b242-d8c2a1271b83,Aurelia0@yahoo.com,FnNvU2EkA_n8ffi,Dr. Roxanne Jacobi DVM
527e9ca6-e5c5-4d8f-9417-e5722327d14a,Dejah_Gislason@gmail.com,KBqqtMwEu3Skbvz,Faith Block
13674036-e495-4b55-b6ea-7e47db26ede3,Hollie.Hamill64@yahoo.com,mq7iJCN5mVgVLFc,Delbert Schowalter DDS
821b7c0d-d47b-46ff-8ceb-891f3e2f98c5,German22@gmail.com,RkjH7hTEaZABenP,Courtney Kertzmann
cbb11c05-e563-4ff9-9539-1ca226beb92a,Jeanie_Okuneva@gmail.com,KQ07c47TJ0sTR4r,Ana Predovic
f9b8a876-caa8-4f9d-888d-b51d78e639ad,Evans55@hotmail.com,7xW_n8rcLcpQZNI,Lowell Stamm
d34179f0-1660-4eb7-8858-fd3ff388ccb0,Lloyd75@gmail.com,EgMKZNJdncA0kOI,Rudolph Bergstrom
88d34234-5cb0-411a-8fdf-501be42b646e,Idella_Bayer@yahoo.com,wDk2mJlVwSF6Khn,Constance Langosh
8f018690-d867-42f3-8605-3b4ec4423d31,Coleman.Kovacek60@hotmail.com,mjp0K2oKm3Cc5lW,Crystal Swaniawski
5a437e70-3f51-4a65-8f85-c3cdab40d193,Vella_Huel29@yahoo.com,kGcE6xaCu_R7L0M,Alma Langosh
1f596dbf-2095-4f2a-8a23-7a8a536f2f99,Jacquelyn_Hammes83@hotmail.com,xcVh0Fz_LZUVHrp,Herbert Zemlak
3be21008-91fc-445b-86b5-383496ee87a5,Corbin_Kunze@gmail.com,AT2zY0AlRh4TsZJ,Mr. Fredrick Turcotte
977673c9-27d8-447e-a8fe-789da8855849,Eleonore_Ritchie@gmail.com,Er3dhujZYmHpcMW,Winifred Boyer
9e198c7f-58d8-4034-94ea-f13ddb13004d,Sherman_Farrell97@hotmail.com,pRwmYHy8qsGeYtu,Ginger Fahey
10807158-5ffb-4c32-bc36-46e1cb4904c5,Aubree_Wyman15@hotmail.com,zg_EJH_ZSua_b0u,Owen Goodwin
9a1d4c4d-4124-4ec1-96e1-29119ea8d48d,Verla.Rodriguez@hotmail.com,6fDzQjvaCsDoYJZ,Daniel Bauch MD
884456ff-5c71-4ee0-8d96-d6099ba51f7f,Verda37@yahoo.com,8jJt4wGi918u4Dd,Raymond Fisher
70be960a-6f7e-4a7c-9577-51d9d44f7e85,Katelin.Dietrich@gmail.com,Y_K_m4WnGFriiuA,Randy Franey
c6e01ecd-e85b-47b2-a50c-c46494c2e43e,Harrison36@gmail.com,9xJgYM9rjxa3Jid,Catherine Jakubowski
6aca4f54-2139-47a8-a9ba-a4850f76a476,Sigurd_Nolan79@hotmail.com,3iMkBNvbxshKLHM,Dr. Archie Altenwerth
aac34b88-3c13-4fbe-979c-26ef0a8a99ff,Amanda.Ankunding53@yahoo.com,1AgJ3cxoW8WfZC1,Dr. Elmer Hammes
f04bf7cd-3a0f-47de-a121-e790047b21e3,Spencer.Kuhlman84@hotmail.com,TrfwLlKPukoPpj7,Elizabeth Considine
1563fd7f-f70b-49fc-9a98-695193f6346d,Ali.Hegmann@hotmail.com,Dk8dVvJNEXp_cqS,Raymond Walker
943009d6-345c-4cf9-9db8-95b6ef13b86a,Devan49@yahoo.com,tpvOtfx2LamlpHH,Miss Karen Hane
3c040b79-9df6-4e9c-b96f-150203c62943,Laurie_Cronin@gmail.com,vw4Uv7xaz3y3EXZ,Ms. Hannah Schinner
def07239-0c34-49ff-881c-34929f807923,Rocky.Hilpert@gmail.com,IfmtCmCLOx8Z8VF,Linda Veum
b6f3b29e-8b66-4787-95ca-0de9838dee4a,Rolando.Anderson76@gmail.com,Wwa6uSS5j656Anh,Lana Wilderman
95b91475-5867-465f-9a1a-4cd2eb61954e,Marlen.Dickens18@gmail.com,IL0zxcuU_lG1E3Q,Pete Christiansen
a157ac89-e68c-4b81-9aef-2a0837523792,Jenifer.Heaney@yahoo.com,aCydrpr3urXyhRz,Miss Maggie Hauck
14233f19-6a5c-4785-928e-1bbbf1ebdc93,Thea94@gmail.com,eysd3sndqFkW_UV,Dominic Considine
de3004c6-8962-422b-93b4-fba3a568ff63,Nora_Runte59@hotmail.com,e2SQi_BB2bQOAti,Shelia Veum
e6877e6e-7a99-47cd-809f-64d597621b65,Tony42@gmail.com,51P1imWZLZKUqnJ,Owen Stoltenberg
5019dd7b-d9f1-4a10-a4ae-29b88a193992,Kari.Bayer@gmail.com,QL5rl4xSwmFnkb2,Miss Laverne O'Keefe
daae4862-7155-4555-8a5a-e243608bf768,Micaela_Lindgren@yahoo.com,jQZe6KA1zWKx0iF,Taylor Kutch
bb5ea8b0-d073-4666-a912-31a63b2d0c92,Aurelie_Schoen@yahoo.com,sjlCcYhSjcUqYks,Casey Moen
dd2fddc9-9eef-4486-b9cd-ad06312ed0e2,Delaney.Hauck@yahoo.com,zEyJ1w7BZVsKlhf,Tyrone Cormier
eb16a539-d07c-4dba-bf9e-7978081064c0,Flossie_Bauch39@yahoo.com,qsKsOMx29Tcp7p5,Lance Ullrich
e48484c7-0242-4314-96a6-750fbe020d0b,Timmy36@gmail.com,lqcrk3Gh8Z02lC3,Mr. Dennis Kassulke
8493a26c-0226-445f-a635-06891bd868cb,Lora50@hotmail.com,rM7dnew8PJmHkDB,Lionel Trantow
f874966b-ef32-443d-a16f-0709f643f368,Cydney.Rippin77@hotmail.com,EU2ysqHxrKJ5Foz,Guadalupe Emard
34dae6b0-9d96-4a5b-84e0-a670cd837d19,Henry_Rempel@hotmail.com,jo7fwZxNpAKd43e,Willie Okuneva
75e42740-27c9-4f48-a97a-0f4457e51927,Kyla91@gmail.com,ru3MB4Q7MQSOL4B,Mrs. Katherine Rohan
ef86edb3-10ef-4b63-96d3-7049783fe435,Sabryna_Thompson74@gmail.com,a6Q7HUJL8Z2_b2Q,Dr. Abel Kshlerin
91269347-2bf5-484a-a19a-9fcf8272984b,Nicklaus.Schumm-Brekke73@hotmail.com,_keyB1Pfc7Et_fY,Hugh Feeney-Ankunding
8fe50f7a-fa57-465f-bf58-3f6d8f5837ae,Makayla_Walter@hotmail.com,YY78X71CqbhAFIU,Rogelio Harber DVM
436d1ce9-b251-41be-bc30-2d3c1d0c37f7,Emily_Howe@yahoo.com,1pCVjE4eX_sxBep,Robin Kerluke
166891de-d607-49c6-862f-5497b345f7c8,Marie.Stroman@yahoo.com,i3QSnxZ6_bshKgD,Mr. Cameron Little
00d19c8f-9196-47eb-a912-a6c697fc843f,Cletus74@gmail.com,rzIdUOhXQgydEEb,Olive Cremin
f6656fc5-36db-4df9-a8fb-fb6b7a19e8f0,Kaden_Weimann19@yahoo.com,UszYt1hZnYwS9v1,Ms. Penny Thompson
bcf63569-3009-4545-bb89-b9244e21df76,Keanu_Jacobs@yahoo.com,VKTUiCVQbNEU99t,Ron Watsica
c8e8ed4e-9c99-42f5-800e-a3b5e222938f,Cooper.Hettinger@hotmail.com,xn18R0P3zYosRjv,Doyle Hudson II
506e81dc-552f-4073-84f0-a9146d928c80,Rico7@hotmail.com,hfRaOMQPLgv959F,Ervin D'Amore
d49358de-7f46-4278-8e96-897576b275a5,Edgar.Marquardt@yahoo.com,GovlJXd5iqNs2hB,Brenda Littel
cfe351bf-12a4-4f86-ae0a-043d668c3a91,Jessy36@gmail.com,AMksQSRnOtdB_rU,Christie Pfannerstill
2f2c3b43-56a5-4fbc-b14c-0ceb950595e3,Julio13@hotmail.com,nrCayvIh3t0z8PW,Lindsay Dare
bafe36df-736c-45e3-ad33-9a1fb1b1e9fc,Tiffany.Friesen@gmail.com,5ZuJ0PbyTPZvvjB,Shaun O'Conner
e6cd16db-4a20-4376-8563-62be7874e362,Peter.Zieme@hotmail.com,v4e1RA3xrtinAyv,Misty Rohan
038d5311-92ce-478a-b669-683fac4c03cc,Jessy.Reichel32@hotmail.com,PGsO_71yPSVPc3e,Linda Dickens
ba1c4e4a-9bc3-4c09-b935-27f20ea1a7b1,Ignacio46@hotmail.com,Msq_OgVSU9Vm5NR,Clifford McCullough
54c884c8-f778-454a-ba11-170cd932c4bb,Deangelo49@yahoo.com,NjxF__oVuErJ3mp,Judy Blick
a9050219-fc1c-4fdc-9464-20ffc5ea4799,Hardy87@yahoo.com,jhVVrpTIHW_WWLK,Norma Huel II
c8feeca9-bb35-410d-a6ee-800c674d5a48,Sam_Pouros@gmail.com,kbtJY0XgmDgGK6j,Robert Hansen
fc160d67-0565-42df-83ce-a579b96aadbb,Cathy.Gibson@gmail.com,ZHD2uXtJGp74Xhy,Emanuel Towne
d24d5cc4-66cd-4ca9-ba39-d9912a5ffe9a,Tavares.Koss@gmail.com,0tjWSZb67kAGTXg,Alfred Kiehn-Bergnaum
4dde68ef-c5e8-4af5-958c-8689829e1c92,Sabrina.Hintz@gmail.com,9hMjZ0XMsWIGy_l,Emily Bins
357c27b2-1230-4d0b-8717-1946551fb0b0,Charity.Boyer42@hotmail.com,DwvIgTsobvEqTei,Marjorie Parker
9cc512d2-054a-4f11-96d3-a6d0e04189ef,Adell.Greenfelder@hotmail.com,MWf7vJyMsHePEBr,Kristi Boyer
df0443ec-69ce-4768-ba93-f8fe59e11c7d,Lloyd36@gmail.com,QUeuYs6JNhwLKVB,Pearl Rodriguez
e184e7a6-d8cb-408c-bf89-83dc667f56dc,Shawn_Mertz32@yahoo.com,pc8awTmqFrxc732,Emma Hickle-Quitzon
7f845ded-f3d6-41fb-9422-2822b39607c0,Ezequiel35@yahoo.com,590RhS3cCsEVo7S,Benny Hartmann
64c338ee-c2c8-46d8-a140-6564ac974612,Katelin.Gleason@yahoo.com,rryLag_9H7QIkCu,Fredrick Schneider
5936ce36-0e16-4c01-a1e3-19ac8b50fd49,Trent37@hotmail.com,lUiizWtHmSXrGxF,Eduardo Halvorson
ca601c65-914e-40a4-805f-86b783b3ab63,Amara.Bode6@yahoo.com,75nvzuOWkZlW2sC,Mr. Josh McLaughlin
cb292f13-1128-40f9-8145-1664029134b7,Dillan_Skiles56@gmail.com,cxS8n4cyE1YUfqu,Rhonda Crooks
153a852e-1db7-41ac-abe0-c1d9b87e2bf5,Mya_Smitham@yahoo.com,nr9zvdv1lhwA1eV,Darlene Homenick
d79c4230-d292-4a57-9918-13347d6505e9,Lincoln.Von63@hotmail.com,IujB3qUl4pFh1vh,Joe Schimmel
11d02bc7-b68e-4329-9803-d0e4368d4759,Joe27@hotmail.com,7TAZDj2HL0BkFEO,Shannon Bernier
05a7eda5-4312-4311-9e84-89563c43782b,Mellie87@gmail.com,gWzo15uYW8q7yFr,Joe Fahey
015a9efb-eb51-4887-9e26-ea32db71ccb2,Brannon_Rohan@gmail.com,vavkbUyf3pntSEN,Jeffrey Schiller
622e1c49-2653-4ac2-9f60-9ef2ea18550a,Brook0@hotmail.com,IIycKaimFYQ6T4y,Glenn Hammes
eaa5bfdc-41c6-4402-909f-02ad5ccae455,Berry_Wolf18@yahoo.com,EoJcFKsSNl0pEsH,Angela Braun